{
  "screenshot": "data/sm13.png",
  "xscale": "log",
  "yscale": "log",
  "ax": 331.22385925645665,
  "bx": 542.1511798011564,
  "ay": -70.37343358395994,
  "by": 221.02774794128183,
  "xmin": 0.08,
  "xmax": 10.0,
  "ymin": 1e-08,
  "ymax": 10.0
}